Date,prod,rea,rpo,rpo1
1974-02-01,55943,88.94,74.36,57.25
1974-03-01,56375,98.53,75.23,57.92
1974-04-01,57110,86.55,74.71,57.51
1974-05-01,57279,104.3,75.68,58.27
1974-06-01,56858,82.63,75.29,57.97
1974-07-01,55765,62.33,73.06,56.25
1974-08-01,54302,58.96,71.78,55.27
1974-09-01,54841,60.71,69.95,53.86
1974-10-01,55013,61.86,68.91,53.05
1974-11-01,55088,59.27,68.73,52.92
1974-12-01,54596,22.11,69.78,53.72
1975-01-01,52420,-0.46,68.98,53.10
1975-02-01,51408,-9.41,70.09,53.96
1975-03-01,51326,-26.21,71.05,54.70
1975-04-01,50946,-40.97,70.68,54.41
1975-05-01,51181,-43.64,70.6,54.35
1975-06-01,52475,-36.49,74.72,57.52
1975-07-01,53856,-41.48,73.4,56.51
1975-08-01,55017,-45.2,74.27,57.18
1975-09-01,56741,-33.99,72.64,55.93
1975-10-01,51389,-33.58,75.43,58.08
1975-11-01,53192,-23.69,76.83,59.15
1975-12-01,53916,-35.31,75.25,57.93
1976-01-01,53133,-45.62,67.18,51.72
1976-02-01,54565,-49.88,67.01,51.59
1976-03-01,55927,-32.15,68.15,52.47
1976-04-01,54905,-28.57,67.43,51.91
1976-05-01,55140,-18.98,67.17,51.71
1976-06-01,56950,-15.85,67.16,51.71
1976-07-01,57293,-21.16,66.96,51.55
1976-08-01,57699,-23.65,66.95,51.54
1976-09-01,58596,-24.38,66.06,50.86
1976-10-01,60391,-20.48,65.82,50.67
1976-11-01,60955,-19.05,66.03,50.83
1976-12-01,62462,-35.45,66.32,51.06
1977-01-01,56833,-48.84,67.9,52.28
1977-02-01,60649,-44.75,69.08,53.18
1977-03-01,61144,-45.09,68.92,53.06
1977-04-01,60186,-43.22,67.61,52.05
1977-05-01,58262,-35.47,68.61,52.82
1977-06-01,59158,-40.25,68.31,52.59
1977-07-01,58028,-44.05,67.09,51.65
1977-08-01,58854,-46.76,67.87,52.25
1977-09-01,60089,-46.92,66.82,51.44
1977-10-01,59961,-32.69,66.77,51.41
1977-11-01,61113,-33.18,66.57,51.25
1977-12-01,62350,-37.75,66.93,51.53
1978-01-01,56705,-38.23,65.42,50.37
1978-02-01,58208,-38.54,64.62,49.75
1978-03-01,58717,-39.01,64.92,49.98
1978-04-01,59610,-39.63,63.66,49.01
1978-05-01,58596,-22.53,63.55,48.93
1978-06-01,59981,-16.97,63.19,48.65
1978-07-01,59555,-25.58,62.49,48.11
1978-08-01,60357,-26.02,61.99,47.72
1978-09-01,62477,-13.76,61.72,47.52
1978-10-01,62906,-17.8,61.59,47.42
1978-11-01,63054,-3.78,61.69,47.49
1978-12-01,61691,-6.78,62.16,47.85
1979-01-01,60148,-16.07,63.92,49.21
1979-02-01,60473,-10.62,64.83,49.91
1979-03-01,61633,7.28,66.32,51.06
1979-04-01,62870,9.26,70.34,54.16
1979-05-01,62667,29.06,75.17,57.87
1979-06-01,62919,46.34,82.28,63.35
1979-07-01,63552,54.36,89.35,68.79
1979-08-01,63425,37.26,91.92,70.76
1979-09-01,63183,43.83,95.15,73.26
1979-10-01,63629,43.75,94.1,72.45
1979-11-01,63954,49.26,100.43,77.32
1979-12-01,63490,35.45,106.2,81.76
1980-01-01,62348.011,34.82,111.37,85.74
1980-02-01,62715.757,40.18,115.86,89.20
1980-03-01,61647.494,42.15,117.86,90.74
1980-04-01,60391.36,60.48,117.12,90.17
1980-05-01,59778.782,63.64,118.7,91.39
1980-06-01,60008.624,56.87,118.07,90.90
1980-07-01,59608.899,44.76,118.03,90.87
1980-08-01,59446.012,53.51,116.94,90.03
1980-09-01,58297.803,54.76,116.03,89.33
1980-10-01,55842.496,54.64,115.5,88.92
1980-11-01,56668.926,64.46,115.8,89.15
1980-12-01,58047.975,68.1,116.5,89.69
1981-01-01,57891.773,63.79,125.86,96.90
1981-02-01,58156.649,61.6,125.2,96.39
1981-03-01,58809.342,50.07,122.15,94.04
1981-04-01,57803.815,45.72,121.78,93.76
1981-05-01,56994.195,35.65,119.17,91.75
1981-06-01,56310.517,40.9,115.59,88.99
1981-07-01,55016.126,32.55,112.94,86.95
1981-08-01,54079.566,14.96,109.75,84.49
1981-09-01,54190.514,12.88,107.54,82.79
1981-10-01,54556.342,15.41,107.16,82.50
1981-11-01,53982.612,14.44,109.05,83.96
1981-12-01,54949.157,7.5,107.92,83.09
1982-01-01,54696.333,2.92,106.35,81.88
1982-02-01,54057.656,-6.43,105.84,81.48
1982-03-01,52235.578,2.8,101.63,78.25
1982-04-01,50937.234,10.74,97.59,75.14
1982-05-01,51782.807,7.59,96.56,74.34
1982-06-01,53723.825,-16.75,98.41,75.76
1982-07-01,53304.037,-41.05,96.89,74.59
1982-08-01,53226.077,-43.4,95.27,73.35
1982-09-01,53081.15,-27.6,95.5,73.53
1982-10-01,54797.282,-27.03,95.84,73.78
1982-11-01,55385.984,-24.44,95.39,73.44
1982-12-01,54251.558,-19.69,94.98,73.13
1983-01-01,52762.757,-17.67,90.61,69.76
1983-02-01,49812.05,-12.79,88.67,68.26
1983-03-01,50735.958,-9.91,81.87,63.03
1983-04-01,50958.936,-7.22,79.92,61.53
1983-05-01,52658.767,-7.43,81.25,62.55
1983-06-01,52868.746,-22.37,83.07,63.96
1983-07-01,54651.57,-33.62,81.41,62.67
1983-08-01,54498.585,-34.67,83.25,64.09
1983-09-01,55152.519,-31.66,83.12,63.99
1983-10-01,54891.545,-28.69,83.15,64.02
1983-11-01,55259.509,-21.31,81.28,62.58
1983-12-01,54454.589,-31.64,81.63,62.84
1984-01-01,54576.637,-29.78,79.69,61.35
1984-02-01,54927.706,-23.15,79.6,61.28
1984-03-01,54649.651,-18.9,79.48,61.19
1984-04-01,54848.69,-14.93,79.61,61.29
1984-05-01,54467.616,-15.57,79.86,61.49
1984-06-01,55744.865,-24.43,79.52,61.22
1984-07-01,55024.725,-29.32,78.7,60.59
1984-08-01,53346.397,-28.47,78.25,60.25
1984-09-01,53805.487,-25.33,77.44,59.62
1984-10-01,54216.567,-24.06,77.38,59.58
1984-11-01,54233.57,-16.52,77.1,59.36
1984-12-01,54193.563,-19.68,75.03,57.76
1985-01-01,52956.948,-23.24,73.47,56.56
1985-02-01,54426.531,-27.57,71.73,55.22
1985-03-01,54645.468,-25.84,71.95,55.39
1985-04-01,54219.59,-20.86,72.84,56.08
1985-05-01,52782.998,-24.89,72.73,56.00
1985-06-01,51324.413,-34.39,71.61,55.13
1985-07-01,52353.12,-50.14,69.69,53.66
1985-08-01,52216.159,-57.6,69.67,53.64
1985-09-01,54095.625,-50.06,69.41,53.44
1985-10-01,55779.147,-36.99,69.75,53.70
1985-11-01,56257.011,-36.17,70.29,54.11
1985-12-01,56571.921,-36.02,67.62,52.06
1986-01-01,55650.355,-37.78,64.08,49.34
1986-02-01,55660.371,-51.73,46.64,35.90
1986-03-01,55162.501,-55.38,36.82,28.35
1986-04-01,55266.682,-61.54,34.17,26.31
1986-05-01,56447.749,-66.38,34.13,26.28
1986-06-01,57220.1,-69.35,31.63,24.35
1986-07-01,58359.093,-80.97,28.15,21.67
1986-08-01,59013.237,-78.31,30.59,23.55
1986-09-01,54978.178,-54.27,33,25.41
1986-10-01,55334.802,-48.83,32.76,25.22
1986-11-01,56264.428,-51.15,34.44,26.52
1986-12-01,56434.726,-60.14,36.13,27.81
1987-01-01,55634.929,-46.55,41.71,32.12
1987-02-01,54938.329,-41.82,42.9,33.03
1987-03-01,54196.69,-35.12,43.46,33.46
1987-04-01,54870.27,-25.22,44.84,34.52
1987-05-01,55674.963,-19.48,45.62,35.13
1987-06-01,55375.706,-30.77,46.57,35.85
1987-07-01,57939.915,-33.72,47.81,36.81
1987-08-01,58737.602,-18.83,47.75,36.76
1987-09-01,58130.079,-22.38,45.74,35.21
1987-10-01,58325.247,-17.39,45.52,35.04
1987-11-01,57862.849,-12.38,44.41,34.19
1987-12-01,57936.912,-5.19,42.03,32.36
1988-01-01,57137.658,2.82,37.63,28.97
1988-02-01,57217.705,14.07,37.51,28.88
1988-03-01,57578.918,19.16,35.72,27.50
1988-04-01,57890.101,11.62,37.65,28.99
1988-05-01,57606.934,5.17,38.3,29.49
1988-06-01,57271.737,-5.15,37.11,28.57
1988-07-01,57695.987,-11.51,35.31,27.18
1988-08-01,58852.668,-9.44,33.99,26.17
1988-09-01,59206.876,-4.9,32.72,25.19
1988-10-01,60890.869,-1.99,30.75,23.67
1988-11-01,61350.139,7.78,29.73,22.89
1988-12-01,61597.285,11.25,33.02,25.42
1989-01-01,58706.812,17.72,37.39,28.78
1989-02-01,58227.577,12.15,38.59,29.71
1989-03-01,58629.775,17.47,41.08,31.63
1989-04-01,59059.986,16.9,44.96,34.61
1989-05-01,58980.947,21.45,43.5,33.49
1989-06-01,59017.965,3.04,41.59,32.02
1989-07-01,59536.219,0.96,40.82,31.43
1989-08-01,60428.657,2.34,39.1,30.10
1989-09-01,60511.699,3.81,39.88,30.71
1989-10-01,61081.978,10.52,41.2,31.72
1989-11-01,61842.351,18.06,41.11,31.65
1989-12-01,61485.176,14.47,44.85,34.53
1990-01-01,60921.388,16.4,45.44,34.99
1990-02-01,61178.881,12.96,43.65,33.61
1990-03-01,62082.423,12.4,41.61,32.03
1990-04-01,61805.933,2.56,36.51,28.11
1990-05-01,61238.41,-6.34,35.16,27.07
1990-06-01,60409.37,-15.17,32.95,25.37
1990-07-01,60513.802,-25.16,35.8,27.57
1990-08-01,56965.632,-16.15,52.08,40.09
1990-09-01,59513.976,-18.75,63.71,49.05
1990-10-01,59854.228,-14.73,69.63,53.61
1990-11-01,60672.389,-9.77,63.79,49.11
1990-12-01,60883.958,-0.5,53.8,41.42
1991-01-01,60637.251,0.12,46.77,36.01
1991-02-01,60326.57,9.88,38.35,29.53
1991-03-01,60581.691,17.81,36.84,28.36
1991-04-01,59183.328,10.36,38.31,29.49
1991-05-01,59006.359,14.19,38.25,29.45
1991-06-01,59198.905,16.37,36.93,28.43
1991-07-01,60191.613,7.89,37.62,28.97
1991-08-01,59495.341,2.73,38.69,29.79
1991-09-01,60534.055,5.84,39.18,30.16
1991-10-01,60489.449,10.17,40.89,31.48
1991-11-01,60735.218,10.77,39.67,30.54
1991-12-01,61143.298,5.33,35.1,27.02
1992-01-01,61259.803,2.45,32.89,25.32
1992-02-01,60422.656,-10.91,32.61,25.11
1992-03-01,59773.365,-18.24,33.23,25.58
1992-04-01,60133.336,-22.06,35.2,27.10
1992-05-01,59005.23,-14.4,38,29.25
1992-06-01,59247.736,-22.4,39.98,30.78
1992-07-01,59712.625,-31.83,39.69,30.56
1992-08-01,59699.38,-31.79,38.62,29.73
1992-09-01,59960.921,-33.16,38.56,29.69
1992-10-01,60758.671,-32.57,38.56,29.68
1992-11-01,60469.679,-19.8,36.58,28.16
1992-12-01,60790.383,-8,33.63,25.89
1993-01-01,60602.361,-12.63,33.23,25.59
1993-02-01,60965.441,-10.47,34.37,26.46
1993-03-01,60256.832,-2.35,35.13,27.05
1993-04-01,59577.715,1.68,36.05,27.75
1993-05-01,59713.933,7.75,35.05,26.98
1993-06-01,59473.076,4.41,32.89,25.32
1993-07-01,60069.081,-7.07,30.91,23.80
1993-08-01,59895.148,-6.39,30.51,23.49
1993-09-01,59921.026,-4.23,29.85,22.98
1993-10-01,60385.327,-7.77,30.25,23.29
1993-11-01,60445.99,-13.36,27.19,20.93
1993-12-01,60837.893,-18.54,24.25,18.67
1994-01-01,61138.9,-19.02,24.97,19.22
1994-02-01,60960.8,-25.1,24.84,19.12
1994-03-01,60868.7,-25.73,25.31,19.49
1994-04-01,60411,-13.51,27.9,21.48
1994-05-01,60850.1,-0.61,30.15,23.21
1994-06-01,61162,-9.94,32.55,25.06
1994-07-01,60766,-5.97,33.35,25.68
1994-08-01,60662,-0.72,31.59,24.32
1994-09-01,61273,2.95,30.1,23.18
1994-10-01,61769,19.29,30.76,23.68
1994-11-01,61943,22.13,31.04,23.90
1994-12-01,62267,28.89,29.7,22.86
1995-01-01,61842.1,29.98,31.08,23.93
1995-02-01,62344.1,28.53,32.22,24.80
1995-03-01,61604.1,38.35,32.15,24.76
1995-04-01,62401.1,40.9,34.8,26.79
1995-05-01,62413,40.47,34.47,26.54
1995-06-01,61555,29,32.31,24.87
1995-07-01,62506.4,27.22,30.54,23.52
1995-08-01,62640.4,33.06,30.56,23.53
1995-09-01,63036.4,29.24,30.83,23.74
1995-10-01,62672.4,13.33,29.98,23.08
1995-11-01,62891.4,9.68,30.36,23.38
1995-12-01,63287.4,7.76,32.18,24.77
1996-01-01,63237.5,2.74,31.92,24.57
1996-02-01,63633.6,-4.87,32.39,24.93
1996-03-01,63483.5,-8.65,36.15,27.83
1996-04-01,63338.5,-3.87,38.6,29.72
1996-05-01,63337.5,-6.68,36.34,27.98
1996-06-01,63661,-17.37,34.83,26.81
1996-07-01,63737,-30.3,35.27,27.15
1996-08-01,63386,-33.16,36.89,28.40
1996-09-01,63858,-38.61,39.48,30.40
1996-10-01,64223,-29.32,41.46,31.92
1996-11-01,64672,-4.85,40.34,31.05
1996-12-01,65242,-2.42,41.23,31.74
1997-01-01,65180.2,-4.07,40.8,31.41
1997-02-01,65540.1,-5.75,36.93,28.44
1997-03-01,65527.2,-3.31,33.87,26.08
1997-04-01,66048.6,-9.6,31.5,24.25
1997-05-01,65393.8,-17.03,32.77,25.23
1997-06-01,64622.2,-17.53,30.59,23.55
1997-07-01,65068.5,-12.36,30.8,23.71
1997-08-01,65949.5,-15.94,31.55,24.29
1997-09-01,66311.9,-15.79,31.28,24.08
1997-10-01,66828,-13.75,32.76,25.22
1997-11-01,66681,-20.51,31.24,24.05
1997-12-01,66494.9,-20.57,27.85,21.44
1998-01-01,67710.7,-27.14,24.99,19.24
1998-02-01,68083.7,-42.98,23.23,17.88
1998-03-01,67964.7,-35.95,21.52,16.57
1998-04-01,67829.6,-42.88,22.31,17.18
1998-05-01,67296.3,-43.26,21.91,16.87
1998-06-01,67017.6,-52.18,20.15,15.51
1998-07-01,66879.6,-58.82,19.99,15.39
1998-08-01,65905.5,-63.78,19.61,15.09
1998-09-01,65986.6,-54.94,22.06,16.99
1998-10-01,66101.6,-42.94,20.87,16.07
1998-11-01,66946.6,-45.47,18.92,14.57
1998-12-01,66771.7,-57.67,16.14,12.42
1999-01-01,66986.7,-63.26,17.43,13.42
1999-02-01,67312.6,-59.07,17.72,13.64
1999-03-01,66988.7,-44.4,20.74,15.97
1999-04-01,65545.7,-49.45,25.24,19.43
1999-05-01,65352.7,-35.34,26.5,20.40
1999-06-01,64307.9,-42.39,27.08,20.84
1999-07-01,65819,-43.87,30.59,23.55
1999-08-01,65706,-37.12,33.07,25.46
1999-09-01,65748,-28.24,36.43,28.05
1999-10-01,66254,-12.69,36.33,27.97
1999-11-01,66236,-13.08,38.82,29.89
1999-12-01,65428.2,-12.48,40.75,31.37
2000-01-01,66449.89398,-10.55,42.2,32.49
2000-02-01,67065.69292,-9.2,45.51,35.04
2000-03-01,67098.94185,5.47,45.76,35.23
2000-04-01,67757.841,8.55,40.15,30.91
2000-05-01,68276.18633,4.56,43.48,33.47
2000-06-01,68074.38502,3.33,47.43,36.51
2000-07-01,68695.11506,5.01,45.8,35.26
2000-08-01,69526.13374,6.47,47.11,36.27
2000-09-01,69542.82359,10.47,49.73,38.29
2000-10-01,69980.33528,11.74,48.26,37.16
2000-11-01,70536.25218,11.03,48.65,37.45
2000-12-01,69280.21152,4.18,40.76,31.38
2001-01-01,69197.45217,1.07,39.4,30.33
2001-02-01,68718.72316,-4.71,40.08,30.86
2001-03-01,69380.84853,-3.06,36.91,28.42
2001-04-01,68451.2263,-7.35,36.82,28.34
2001-05-01,67760.75575,-7.08,39.24,30.21
2001-06-01,66206.98416,-12.16,38.07,29.31
2001-07-01,68146.13372,-25.01,36.24,27.90
2001-08-01,68319.82976,-45.68,37.85,29.14
2001-09-01,67852.78372,-49.54,35.7,27.49
2001-10-01,67750.0388,-54.2,29.84,22.97
2001-11-01,68100.41317,-58.89,25.56,19.68
2001-12-01,67692.71756,-56.93,25.4,19.55
2002-01-01,66957.16047,-50.16,27.09,20.86
2002-02-01,67028.49332,-47.09,28.95,22.29
2002-03-01,66824.84506,-36.83,35.28,27.16
2002-04-01,66288.446,-35.99,37.78,29.09
2002-05-01,66859.48293,-40.11,38.46,29.61
2002-06-01,66705.97192,-43.75,36.88,28.40
2002-07-01,67186.74967,-44.51,39.22,30.19
2002-08-01,66914.73151,-43.22,40.19,30.94
2002-09-01,67465.25136,-26.7,42.41,32.65
2002-10-01,68876.21022,-12.36,40.52,31.19
2002-11-01,69006.41022,-5.64,36.86,28.38
2002-12-01,67352.85167,7.56,41.46,31.92
2003-01-01,67750.16942,8.95,46.88,36.09
2003-02-01,69368.13162,7.38,49.59,38.18
2003-03-01,69883.65841,17.38,44.9,34.57
2003-04-01,68809.98629,28.87,37.75,29.06
2003-05-01,68772.77818,36.98,38.84,29.91
2003-06-01,67977.17469,32.68,42,32.33
2003-07-01,68603.79734,35.11,42.98,33.09
2003-08-01,69058.90352,39.04,43.64,33.60
2003-09-01,69660.74703,46.33,39.16,30.15
2003-10-01,70623.51456,99.09,41.74,32.14
2003-11-01,70860.664,101.27,41.95,32.29
2003-12-01,72127.32017,109.27,43.6,33.57
2004-01-01,71910.298,121.63,45.66,35.15
2004-02-01,71885.392,125.72,46.44,35.75
2004-03-01,71821.19,119.64,48.56,37.38
2004-04-01,71774.387,106.27,48.75,37.53
2004-05-01,71417.886,83.83,53.56,41.23
2004-06-01,72973.607,62.18,50.02,38.51
2004-07-01,73514.989,88.62,53.62,41.28
2004-08-01,72484.561,98.58,58.92,45.36
2004-09-01,73112.447,97.75,60.16,46.32
2004-10-01,73727.115,106.57,67.16,51.70
2004-11-01,73433.577,121.93,58.78,45.26
2004-12-01,73093.329,125.97,50.21,38.65
2005-01-01,73354.581,105.82,55.38,42.63
2005-02-01,73664.995,106.23,58.32,44.90
2005-03-01,73964.638,109.21,66.9,51.51
2005-04-01,74282.019,105.89,65.99,50.81
2005-05-01,74364.868,84.93,63.02,48.52
2005-06-01,73968.482,56.22,71.87,55.33
2005-07-01,73836.461,34.4,76.52,58.91
2005-08-01,73832.036,33.36,84.52,65.07
2005-09-01,73411.557,56.1,83.54,64.32
2005-10-01,73470.403,68.1,78.48,60.42
2005-11-01,74044.705,60.7,71.26,54.86
2005-12-01,74242.989,49.39,72.51,55.83
2006-01-01,73713.309,35.02,79.16,60.95
2006-02-01,73710.713,42.88,74.8,57.59
2006-03-01,73577.051,49.04,78.24,60.24
2006-04-01,73642.262,43.41,87.84,67.63
2006-05-01,73185.435,42.34,90.36,69.57
2006-06-01,73182.563,52.96,89.3,68.75
2006-07-01,74219.832,64.11,94.66,72.88
2006-08-01,73938.321,82.8,92.11,70.91
2006-09-01,73572.09,92.57,79.8,61.44
2006-10-01,73907.32,92.91,73.74,56.77
2006-11-01,73472.423,96.96,73.7,56.74
2006-12-01,73393.865,100.01,76.46,58.86
2007-01-01,73032.233,102.87,68.83,52.99
2007-02-01,73344.329,101.21,74.38,57.26
2007-03-01,73339.229,116.11,77.49,59.66
2007-04-01,73546.258,127.59,82.94,63.85
2007-05-01,73003.677,138.01,84.1,64.75
2007-06-01,72612.428,127.59,88.93,68.47
2007-07-01,73204.537,140.55,96.27,74.12
2007-08-01,72584.078,149.74,92.88,71.51
2007-09-01,73238.717,167.02,97.99,75.44
2007-10-01,73965.493,186.42,106.16,81.73
2007-11-01,73699.292,186.93,114.6,88.23
2007-12-01,74309.542,180.05,111.17,85.59
2008-01-01,74506.962,148.07,112.93,86.94
2008-02-01,74596.013,143.78,116.1,89.38
2008-03-01,74822.047,159.54,128.32,98.80
2008-04-01,74251.01,162.21,138.28,106.46
2008-05-01,74569.536,188.68,152.99,117.78
2008-06-01,74576.942,182.12,163.97,126.23
2008-07-01,75310.704,167.9,164.8,126.88
2008-08-01,74217.053,149.39,143.63,110.58
2008-09-01,73217.785,109.72,124.39,95.77
2008-10-01,74217.454,9.53,92.22,71.00
2008-11-01,74050.274,-67.71,65.07,50.10
2008-12-01,73282.022,-76.46,47.56,36.62
2009-01-01,72357.556,-56.82,49.11,37.81
2009-02-01,72845.334,12.63,51.21,39.43
2009-03-01,72657.102,20.42,61.1,47.04
2009-04-01,72886.515,3.91,65.85,50.69
2009-05-01,72471.435,46.52,75.28,57.96
2009-06-01,72629.336,86.75,87.29,67.20
2009-07-01,73526.593,74.09,83.49,64.28
2009-08-01,73008.63,51.43,89.28,68.74
2009-09-01,73458.1,38.12,88.53,68.16
2009-10-01,73889.053,53.52,94.02,72.39
2009-11-01,73988.447,89.47,96.75,74.49
2009-12-01,73688.743,79.76,94.45,72.72
2010-01-01,73931.47572,67.85,97.51,75.07
2010-02-01,74263.99172,51.31,95.86,73.80
2010-03-01,74503.89572,69.47,99.78,76.82
2010-04-01,74245.29872,64.36,103.99,80.06
2010-05-01,74294.12772,87.79,92.5,71.21
2010-06-01,73928.72372,66.25,93.53,72.01
2010-07-01,74175.94172,18.18,95.12,73.23
2010-08-01,74052.62072,42.36,95.3,73.37
2010-09-01,74376.69072,53.52,94.67,72.89
2010-10-01,74715.93472,52.38,99.18,76.36
2010-11-01,75046.33472,37.42,102.81,79.15
2010-12-01,75135.15872,23.84,109.67,84.43
2011-01-01,75906.20184,-13.46,111.89,86.14
2011-02-01,75479.92084,-30.7,116.39,89.60
2011-03-01,74440.33984,-7.6,129.73,99.88
2011-04-01,74286.46084,-18.5,142.47,109.69
2011-05-01,73655.64884,-17.95,135.69,104.46
2011-06-01,74453.32184,-11.98,132.42,101.95
2011-07-01,74873.62784,-16.92,132.78,102.22
2011-08-01,75303.94084,-15.51,123.69,95.23
2011-09-01,74641.32384,12.72,125.98,96.99
2011-10-01,75170.98384,24.69,127.06,97.82
2011-11-01,76170.64984,12.52,133.89,103.08
2011-12-01,76547.01584,14.47,132.43,101.96
2012-01-01,76705.60356,-44.31,130.5,100.47
2012-02-01,76966.25356,-83.51,133.72,102.95
2012-03-01,76869.07456,-63.47,137.05,105.51
2012-04-01,77203.31756,-46.23,133.79,103.00
2012-05-01,76494.40056,-38.25,127.54,98.19
2012-06-01,76300.93756,-54.11,113.95,87.73
2012-07-01,76510.23556,-42.02,114.92,88.47
2012-08-01,76495.72856,-75.26,119.23,91.79
2012-09-01,75954.18356,-82.91,124.51,95.86
2012-10-01,76554.26856,-53.22,123.08,94.76
2012-11-01,77087.59356,-45.58,119.8,92.23
2012-12-01,76972.98556,-63.42,114.48,88.13
2013-01-01,76365.00877,-73.93,119.39,91.91
2013-02-01,76155.68277,-77.69,120.34,92.65
2013-03-01,76374.08277,-61.03,120.53,92.80
2013-04-01,76742.94477,-60.9,117.55,90.50
2013-05-01,76619.92777,-63.4,119.99,92.38
2013-06-01,76712.79677,-53.51,118.09,90.92
2013-07-01,77228.63377,-35.8,123.19,94.84
2013-08-01,76992.22677,-39.04,126.04,97.04
2013-09-01,76525.41677,4.55,125.18,96.38
2013-10-01,76791.19677,16.05,118.28,91.06
2013-11-01,77099.52277,-2.87,109.04,83.95
2013-12-01,77494.00977,30.47,109,83.92
2014-01-01,77724.84545,-8.76,107.71,82.92
2014-02-01,78207.19645,-34.3,115.25,88.73
2014-03-01,77620.12245,-7.95,116.25,89.50
2014-04-01,77361.13345,-43.02,116.27,89.52
2014-05-01,77585.33545,-48.34,117.4,90.39
2014-06-01,77961.16745,-56.71,119.39,91.92
2014-07-01,78177.02745,-70.27,117.46,90.43
2014-08-01,78457.47345,-53.71,110.91,85.39
2014-09-01,79215.73545,-35.48,106.32,81.86
2014-10-01,80167.86845,-37.26,98.46,75.80
2014-11-01,79963.68445,-17.84,88.62,68.22
2014-12-01,80863.79645,-55.52,68.59,52.80
2015-01-01,80131.92719,-77.38,53.84,41.45
2015-02-01,80032.09019,-107.07,56.63,43.60
2015-03-01,80948.32319,-100.61,56.53,43.52
2015-04-01,80578.17719,-97.92,61.73,47.53
2015-05-01,80488.14719,-97.13,68.55,52.78
2015-06-01,80942.97719,-81.46,70,53.89
2015-07-01,81457.73019,-48.15,62.21,47.90
2015-08-01,81196.01119,-39.14,51.3,39.50
2015-09-01,81088.48619,-56.9,48.91,37.66
2015-10-01,81039.08019,-68.23,49.94,38.45
2015-11-01,81712.78119,-99.08,46.35,35.68
2015-12-01,81893.89919,-110.27,39.4,30.33
2016-01-01,81838.853,-139.62,32.67,25.15
2016-02-01,81094.286,-162.33,31.73,24.43
2016-03-01,80979.948,-140.25,38.25,29.45
2016-04-01,80204.962,-94.42,42.43,32.67
2016-05-01,79413.009,-92.47,48.21,37.11
2016-06-01,80126.071,-94.54,51.9,39.95
2016-07-01,80884.465,-79.16,48.8,37.57
2016-08-01,80314.991,-84.18,48.4,37.26
2016-09-01,80673.691,-63.57,47.86,36.85
2016-10-01,81831.065,-58.84,52.31,40.27
2016-11-01,82830.178,-37.76,48.79,37.56
2016-12-01,82278.631,-39.94,54.39,41.88
2017-01-01,81290.48219,-54.76,55.8,42.96
2017-02-01,81085.13546,-72.53,57.17,44.01
2017-03-01,80610.31016,-31.58,53.89,41.49
2017-04-01,80167.64092,-24.73,54.92,42.28
2017-05-01,80765.4477,-47.24,54.66,42.08
2017-06-01,81298.08972,-59.48,50.94,39.22
2017-07-01,81690.933,-54.16,51.77,39.86
2017-08-01,81181.5212,-31.25,54.87,42.24
2017-09-01,81330.90352,-13.85,57.84,44.53
2017-10-01,81507.80263,-5.28,58.88,45.33
2017-11-01,82086.08068,-7.45,64.32,49.52
2017-12-01,81601.85933,3.24,65.48,50.41
2018-01-01,82206.6929,-23.46,67.81,52.21
2018-02-01,82330.97504,-33.5,65.72,50.60
2018-03-01,82327.68822,-30.82,64.31,49.51
2018-04-01,82013.22369,-33.07,69.16,53.24
2018-05-01,81832.8802,-19.59,74.22,57.14
2018-06-01,82281.44811,-15.1,75.17,57.87
2018-07-01,82820.61,4.9,74.88,57.65
2018-08-01,83289.84094,8.47,73.48,56.57
2018-09-01,83261.85581,-8.26,74.7,57.51
2018-10-01,84367.6628,-1.79,75.73,58.31
2018-11-01,84504.54242,-27.49,60.82,46.83
2018-12-01,84187.23166,-15.95,47.87,36.86
2019-01-01,82556.38634,-38.54,55.62,42.82
2019-02-01,82358.48826,-91.11,63.23,48.68
2019-03-01,82294.51286,-83.6,67.93,52.30
2019-04-01,82076.35651,-70.97,72.43,55.76
2019-05-01,81522.44049,-41.58,71.95,55.39
2019-06-01,81715.22155,-28.93,64.34,49.53
2019-07-01,81221.20779,17.58,65.33,50.30
2019-08-01,82287.23713,23.45,61.1,47.04
2019-09-01,80615.26171,36.36,63.09,48.58
2019-10-01,82448.04294,15.14,59.77,46.02
2019-11-01,83377.44643,-10.1,60.57,46.63
2019-12-01,83317.77029,-12.83,62.18,47.87
2020-01-01,83017.86249,-80.64,58.83,45.29
2020-02-01,82112.81831,-122.51,51.69,39.79
2020-03-01,82306.13569,-95.5,31.19,24.01
2020-04-01,82575.89975,-84.56,18.47,14.22
2020-05-01,71371.93453,-114.93,24.9,19.17
2020-06-01,70272.82768,-30.09,39.69,30.56
2020-07-01,71610.11952,4.97,42.97,33.08
2020-08-01,72725.58167,-2.7,45.4,34.95
2020-09-01,72621.40623,-9.95,42.05,32.37
2020-10-01,73135.65894,4.64,41.03,31.59
2020-11-01,74999.82244,-27.7,42.42,32.66
2020-12-01,75508.83986,-22.58,48.97,37.70
2021-01-01,76021.86547,6.07,53.35,41.14
2021-02-01,73870.2833,-4.22,59.72,46.01
2021-03-01,75851.68533,24.97,63.72,49.11
2021-04-01,75389.76246,44.91,64.46,49.64
2021-05-01,75916.08081,62.44,67.11,51.67
2021-06-01,76516.48591,60.61,71.78,55.27
2021-07-01,77698.65882,68.69,72.53,55.86
2021-08-01,77279.64495,83.96,67.92,52.34
2021-09-01,77630.04183,97.92,71.35,54.94
2021-10-01,78973.57027,108.92,77.7,59.71
2021-11-01,79834.06567,53.35,77.24,59.82
2021-12-01,79538.51946,54.8,74.59,52.97
,,,,
,,,,
,,,,
,,,,
